<?xml version="1.0" encoding="UTF-8"?>
<!DOCTYPE mapper PUBLIC "-//mybatis.org//DTD Mapper 3.0//EN" "http://mybatis.org/dtd/mybatis-3-mapper.dtd">
<mapper namespace = "com.example.demo.dao.JsonDao">
    <select id="test" resultType="java.lang.Integer">
        SELECT COUNT(1) FROM temp_b_tbl WHERE 1 = 1
    </select>

    <select id="getTestCaseJsonFromDataBase" resultType="com.example.demo.DTO.JsonForFrontDTO">
        SELECT
            id,
            level,
            name,
            parentId,
            parentName,
            value,
            dataType
        FROM
            json_for_front_tbl
        WHERE
            caseId = #{caseId}
          AND parentId = #{parentId}
    </select>

    <insert id="insertJsonDataToDB">
        INSERT INTO
            json_for_front_tbl (caseid, id, level, name, parentId, parentName, value, dataType)
        VALUES
        <foreach collection="list" item="item" separator=",">
            (
                #{caseId},
                #{item.id},
                #{item.level},
                #{item.name},
                #{item.parentId},
                #{item.parentName},
                #{item.value},
                #{item.dataType}
            )
        </foreach>
    </insert>
    
    <select id="getAllLeafNodeInfo" parameterType="java.lang.Integer" resultType="com.example.demo.DTO.KeyValueDTO">
        SELECT
            id,
            value
        FROM
            json_for_front_tbl
        WHERE
            caseId = #{caseId}
          AND dataType is null;
    </select>

    <update id="batchUpdateJsonData">
        <foreach collection="list" item="item" separator=";">
            UPDATE json_for_front_tbl
            <set>
                value = #{item.value}
            </set>
            where id = #{item.id}
        </foreach>
    </update>

    <select id="getAllLeafNode" resultType="java.util.Map">
        SELECT
            id,
            value
        FROM
            json_for_front_tbl
        WHERE
            caseId = #{caseId}
          AND dataType is null;
    </select>
</mapper>